1,K1
2,K2
3,K3
4,K4
5,K5
6,K6
7,K7
8,K8
9,K9
10,K10
11,K11
12,K12
13,K13
14,K14
15,K15
16,K16
17,K17
18,K18
19,K19
20,K20
21,K21
22,K22
23,K23
24,K24
25,K25
26,K26
27,K27
28,K28
29,K29
30,K30
31,K31
32,K32
33,K33
34,K34
35,K35
36,K36
37,K37
38,K38
39,K39
40,K40
41,K41
42,K42
43,K43
44,K44
45,K45
46,K46
47,K47
48,K48
49,K49
50,K50
51,K51
52,K52
53,K53
54,K54
55,K55
56,K56
57,K57
58,K58
59,K59
60,K60
61,K61
62,K62
63,K63
64,K64
65,K65
66,K66
67,K67
68,K68
69,K69
70,K70
71,K71
72,K72
73,K73
74,K74
75,K75
76,K76
77,K77
78,K78
79,K79
80,K80
81,K81
82,K82
83,K83
84,K84
85,K85
86,K86
87,K87
88,K88
89,K89
90,K90
91,K91
92,K92
93,K93
94,K94
95,K95
96,K96
97,K97
98,K98
99,K99
100,K100
